division,CPI
East North Central,122.536
East South Central,122.639
Middle Atlantic,120.582
Mountain,128.566
New England,119.682
Pacific,123.761
South Atlantic,125.822
West North Central,122.935
West South Central,122.215
